OrderID,DateRequested,CardNumber,DueDate,PastDue,ISBN
567567657511,2021-07-20,1231,2021-08-26,1,978-1-60309-449-8
567567657512,2021-07-27,1515214,2021-08-26,0,978-1-60309-460-3
567567657513,2021-07-27,123151111,2021-08-26,0,978-1-60309-465-8
567567657514,2021-07-20,12512341,2021-08-26,1,978-1-60309-422-1
567567657515,2021-07-27,1245213,2021-08-26,0,978-1-60309-066-7
567567657516,2021-07-20,125123,2021-08-26,0,978-1-60309-425-2
567567657567,2021-07-26,12315123,2021-08-26,0,978-1-60309-273-9
567567657568,2021-07-26,123151,2021-08-26,0,978-1-60309-432-0
567567657569,2021-07-26,123121,2021-08-26,1,978-1-60309-479-5
5675676575610,2021-07-21,1231,2021-08-26,0,978-1-60309-420-7
